LSP ID,CyCIF image path,Segmentation mask path,Quantification path,Paired GeoMx LSP ID,Paired GeoMx path,CyCIF IDP OMERO ID,Paired GeoMx IDP OMERO ID,HE OMERO ID,HE path
LSP11060,\\research.files.med.harvard.edu\HITS\lsp-analysis\cycif-production\110-BRCA-Mutant-Ovarian-Precursors\STIC_Batch5_2023\STIC_pilot_rerun\LSP11060\registration\LSP11060.ome.tif,\\research.files.med.harvard.edu\HITS\lsp-analysis\cycif-production\110-BRCA-Mutant-Ovarian-Precursors\STIC_Batch5_2023\STIC_pilot_rerun\LSP11060\segmentation\unmicst-LSP11060\cellRing.ome.tif,\\research.files.med.harvard.edu\HITS\lsp-analysis\cycif-production\110-BRCA-Mutant-Ovarian-Precursors\STIC_Batch5_2023\STIC_pilot_rerun\LSP11060\quantification\LSP11060--unmicst_cellRing.csv,,geomx_not_found,8382,0,,
LSP11064,\\research.files.med.harvard.edu\HITS\lsp-analysis\cycif-production\110-BRCA-Mutant-Ovarian-Precursors\STIC_Batch5_2023\STIC_pilot_rerun\LSP11064\registration\LSP11064.ome.tif,\\research.files.med.harvard.edu\HITS\lsp-analysis\cycif-production\110-BRCA-Mutant-Ovarian-Precursors\STIC_Batch5_2023\STIC_pilot_rerun\LSP11064\segmentation\unmicst-LSP11064\cellRing.ome.tif,\\research.files.med.harvard.edu\HITS\lsp-analysis\cycif-production\110-BRCA-Mutant-Ovarian-Precursors\STIC_Batch5_2023\STIC_pilot_rerun\LSP11064\quantification\LSP11064--unmicst_cellRing.csv,,geomx_not_found,8384,0,,
LSP11068,\\research.files.med.harvard.edu\HITS\lsp-analysis\cycif-production\110-BRCA-Mutant-Ovarian-Precursors\STIC_Batch5_2023\STIC_pilot_rerun\LSP11068\registration\LSP11068.ome.tif,\\research.files.med.harvard.edu\HITS\lsp-analysis\cycif-production\110-BRCA-Mutant-Ovarian-Precursors\STIC_Batch5_2023\STIC_pilot_rerun\LSP11068\segmentation\unmicst-LSP11068\cellRing.ome.tif,\\research.files.med.harvard.edu\HITS\lsp-analysis\cycif-production\110-BRCA-Mutant-Ovarian-Precursors\STIC_Batch5_2023\STIC_pilot_rerun\LSP11068\quantification\LSP11068--unmicst_cellRing.csv,,geomx_not_found,8385,0,,
LSP11072,\\research.files.med.harvard.edu\HITS\lsp-analysis\cycif-production\110-BRCA-Mutant-Ovarian-Precursors\STIC_Batch5_2023\STIC_pilot_rerun\LSP11072\registration\LSP11072.ome.tif,\\research.files.med.harvard.edu\HITS\lsp-analysis\cycif-production\110-BRCA-Mutant-Ovarian-Precursors\STIC_Batch5_2023\STIC_pilot_rerun\LSP11072\segmentation\unmicst-LSP11072\cellRing.ome.tif,\\research.files.med.harvard.edu\HITS\lsp-analysis\cycif-production\110-BRCA-Mutant-Ovarian-Precursors\STIC_Batch5_2023\STIC_pilot_rerun\LSP11072\quantification\LSP11072--unmicst_cellRing.csv,,geomx_not_found,8383,0,,
LSP11076,\\research.files.med.harvard.edu\HITS\lsp-analysis\cycif-production\110-BRCA-Mutant-Ovarian-Precursors\STIC_Batch5_2023\STIC_pilot_rerun\LSP11076\registration\LSP11076.ome.tif,\\research.files.med.harvard.edu\HITS\lsp-analysis\cycif-production\110-BRCA-Mutant-Ovarian-Precursors\STIC_Batch5_2023\STIC_pilot_rerun\LSP11076\segmentation\unmicst-LSP11076\cellRing.ome.tif,\\research.files.med.harvard.edu\HITS\lsp-analysis\cycif-production\110-BRCA-Mutant-Ovarian-Precursors\STIC_Batch5_2023\STIC_pilot_rerun\LSP11076\quantification\LSP11076--unmicst_cellRing.csv,,geomx_not_found,8386,0,,
LSP11084,\\research.files.med.harvard.edu\HITS\lsp-analysis\cycif-production\110-BRCA-Mutant-Ovarian-Precursors\STIC_Batch5_2023\STIC_pilot_rerun\LSP11084\registration\LSP11084.ome.tif,\\research.files.med.harvard.edu\HITS\lsp-analysis\cycif-production\110-BRCA-Mutant-Ovarian-Precursors\STIC_Batch5_2023\STIC_pilot_rerun\LSP11084\segmentation\unmicst-LSP11084\cellRing.ome.tif,\\research.files.med.harvard.edu\HITS\lsp-analysis\cycif-production\110-BRCA-Mutant-Ovarian-Precursors\STIC_Batch5_2023\STIC_pilot_rerun\LSP11084\quantification\LSP11084--unmicst_cellRing.csv,,geomx_not_found,8388,0,,
LSP11088,\\research.files.med.harvard.edu\HITS\lsp-analysis\cycif-production\110-BRCA-Mutant-Ovarian-Precursors\STIC_Batch5_2023\STIC_pilot_rerun\LSP11088\registration\LSP11088.ome.tif,\\research.files.med.harvard.edu\HITS\lsp-analysis\cycif-production\110-BRCA-Mutant-Ovarian-Precursors\STIC_Batch5_2023\STIC_pilot_rerun\LSP11088\segmentation\unmicst-LSP11088\cellRing.ome.tif,\\research.files.med.harvard.edu\HITS\lsp-analysis\cycif-production\110-BRCA-Mutant-Ovarian-Precursors\STIC_Batch5_2023\STIC_pilot_rerun\LSP11088\quantification\LSP11088--unmicst_cellRing.csv,,geomx_not_found,8387,0,,
LSP15327,\\standby.files.med.harvard.edu\hms\hits\lsp\collaborations\lsp-analysis\cycif-production\110-BRCA-Mutant-Ovarian-Precursors\STIC_Batch2_2023\LSP15327\registration\LSP15327.ome.tif,\\standby.files.med.harvard.edu\hms\hits\lsp\collaborations\lsp-analysis\cycif-production\110-BRCA-Mutant-Ovarian-Precursors\STIC_Batch2_2023\LSP15327\segmentation\unmicst-LSP15327\cell.ome.tif,\\standby.files.med.harvard.edu\hms\hits\lsp\collaborations\lsp-analysis\cycif-production\110-BRCA-Mutant-Ovarian-Precursors\STIC_Batch2_2023\LSP15327\quantification\LSP15327--unmicst_cell.csv,LSP15328,\\research.files.med.harvard.edu\HITS\lsp-data\cycif-production\110-BRCA-Mutant-Ovarian-Precursors\GeoMx-OME-TIFF\LSP15328_Scan1.ome.tiff,6569,9463,6377.0,\\research.files.med.harvard.edu\HITS\lsp-data\cycif-production\110-BRCA-Mutant-Ovarian-Precursors\HE\R1-S1.tif
LSP15331,\\standby.files.med.harvard.edu\hms\hits\lsp\collaborations\lsp-analysis\cycif-production\110-BRCA-Mutant-Ovarian-Precursors\STIC_Batch2_2023\Reprocess\LSP15331\registration\LSP15331.ome.tif,\\standby.files.med.harvard.edu\hms\hits\lsp\collaborations\lsp-analysis\cycif-production\110-BRCA-Mutant-Ovarian-Precursors\STIC_Batch2_2023\Reprocess\LSP15331\segmentation\unmicst-LSP15331\cellRing.ome.tif,\\standby.files.med.harvard.edu\hms\hits\lsp\collaborations\lsp-analysis\cycif-production\110-BRCA-Mutant-Ovarian-Precursors\STIC_Batch2_2023\Reprocess\LSP15331\quantification\LSP15331--unmicst_cellRing.csv,LSP15332,\\research.files.med.harvard.edu\HITS\lsp-data\cycif-production\110-BRCA-Mutant-Ovarian-Precursors\GeoMx-OME-TIFF\LSP15332_Scan1.ome.tiff,6561,9467,6378.0,\\research.files.med.harvard.edu\HITS\lsp-data\cycif-production\110-BRCA-Mutant-Ovarian-Precursors\HE\R1-S2.tif
LSP15335,\\standby.files.med.harvard.edu\hms\hits\lsp\collaborations\lsp-analysis\cycif-production\110-BRCA-Mutant-Ovarian-Precursors\STIC_Batch2_2023\Reprocess\LSP15335\registration\LSP15335.ome.tif,\\standby.files.med.harvard.edu\hms\hits\lsp\collaborations\lsp-analysis\cycif-production\110-BRCA-Mutant-Ovarian-Precursors\STIC_Batch2_2023\Reprocess\LSP15335\segmentation\unmicst-LSP15335\cellRing.ome.tif,\\standby.files.med.harvard.edu\hms\hits\lsp\collaborations\lsp-analysis\cycif-production\110-BRCA-Mutant-Ovarian-Precursors\STIC_Batch2_2023\Reprocess\LSP15335\quantification\LSP15335--unmicst_cellRing.csv,LSP15336,\\research.files.med.harvard.edu\HITS\lsp-data\cycif-production\110-BRCA-Mutant-Ovarian-Precursors\GeoMx-OME-TIFF\LSP15336_Scan1.ome.tiff,6567,9455,6379.0,\\research.files.med.harvard.edu\HITS\lsp-data\cycif-production\110-BRCA-Mutant-Ovarian-Precursors\HE\R1-S3.tif
LSP15339,\\standby.files.med.harvard.edu\hms\hits\lsp\collaborations\lsp-analysis\cycif-production\110-BRCA-Mutant-Ovarian-Precursors\STIC_Batch2_2023\Reprocess\LSP15339\registration\LSP15339.ome.tif,\\standby.files.med.harvard.edu\hms\hits\lsp\collaborations\lsp-analysis\cycif-production\110-BRCA-Mutant-Ovarian-Precursors\STIC_Batch2_2023\Reprocess\LSP15339\segmentation\unmicst-LSP15339\cellRing.ome.tif,\\standby.files.med.harvard.edu\hms\hits\lsp\collaborations\lsp-analysis\cycif-production\110-BRCA-Mutant-Ovarian-Precursors\STIC_Batch2_2023\Reprocess\LSP15339\quantification\LSP15339--unmicst_cellRing.csv,LSP15340,\\research.files.med.harvard.edu\HITS\lsp-data\cycif-production\110-BRCA-Mutant-Ovarian-Precursors\GeoMx-OME-TIFF\LSP15340_Scan1.ome.tiff,6558,9461,6380.0,\\research.files.med.harvard.edu\HITS\lsp-data\cycif-production\110-BRCA-Mutant-Ovarian-Precursors\HE\R1-S4.tif
LSP15343,\\standby.files.med.harvard.edu\hms\hits\lsp\collaborations\lsp-analysis\cycif-production\110-BRCA-Mutant-Ovarian-Precursors\STIC_Batch2_2023\LSP15343\registration\LSP15343.ome.tif,\\standby.files.med.harvard.edu\hms\hits\lsp\collaborations\lsp-analysis\cycif-production\110-BRCA-Mutant-Ovarian-Precursors\STIC_Batch2_2023\LSP15343\segmentation\unmicst-LSP15343\cell.ome.tif,\\standby.files.med.harvard.edu\hms\hits\lsp\collaborations\lsp-analysis\cycif-production\110-BRCA-Mutant-Ovarian-Precursors\STIC_Batch2_2023\LSP15343\quantification\LSP15343--unmicst_cell.csv,LSP15344,\\research.files.med.harvard.edu\HITS\lsp-data\cycif-production\110-BRCA-Mutant-Ovarian-Precursors\GeoMx-OME-TIFF\LSP15344_Scan1.ome.tiff,6568,9456,6381.0,\\research.files.med.harvard.edu\HITS\lsp-data\cycif-production\110-BRCA-Mutant-Ovarian-Precursors\HE\R1-S5.tif
LSP15347,\\standby.files.med.harvard.edu\hms\hits\lsp\collaborations\lsp-analysis\cycif-production\110-BRCA-Mutant-Ovarian-Precursors\STIC_Batch2_2023\Reprocess\LSP15347\registration\LSP15347.ome.tif,\\standby.files.med.harvard.edu\hms\hits\lsp\collaborations\lsp-analysis\cycif-production\110-BRCA-Mutant-Ovarian-Precursors\STIC_Batch2_2023\Reprocess\LSP15347\segmentation\unmicst-LSP15347\cellRing.ome.tif,\\standby.files.med.harvard.edu\hms\hits\lsp\collaborations\lsp-analysis\cycif-production\110-BRCA-Mutant-Ovarian-Precursors\STIC_Batch2_2023\Reprocess\LSP15347\quantification\LSP15347--unmicst_cellRing.csv,LSP15348,\\research.files.med.harvard.edu\HITS\lsp-data\cycif-production\110-BRCA-Mutant-Ovarian-Precursors\GeoMx-OME-TIFF\LSP15348_Scan1.ome.tiff,6556,9452,6382.0,\\research.files.med.harvard.edu\HITS\lsp-data\cycif-production\110-BRCA-Mutant-Ovarian-Precursors\HE\R1-S6.tif
LSP15355,\\standby.files.med.harvard.edu\hms\hits\lsp\collaborations\lsp-analysis\cycif-production\110-BRCA-Mutant-Ovarian-Precursors\STIC_Batch2_2023\Reprocess\LSP15355\registration\LSP15355.ome.tif,\\standby.files.med.harvard.edu\hms\hits\lsp\collaborations\lsp-analysis\cycif-production\110-BRCA-Mutant-Ovarian-Precursors\STIC_Batch2_2023\Reprocess\LSP15355\segmentation\unmicst-LSP15355\cellRing.ome.tif,\\standby.files.med.harvard.edu\hms\hits\lsp\collaborations\lsp-analysis\cycif-production\110-BRCA-Mutant-Ovarian-Precursors\STIC_Batch2_2023\Reprocess\LSP15355\quantification\LSP15355--unmicst_cellRing.csv,LSP15356,\\research.files.med.harvard.edu\HITS\lsp-data\cycif-production\110-BRCA-Mutant-Ovarian-Precursors\GeoMx-OME-TIFF\LSP15356_Scan1.ome.tiff,6555,9451,6384.0,\\research.files.med.harvard.edu\HITS\lsp-data\cycif-production\110-BRCA-Mutant-Ovarian-Precursors\HE\R1-S8.tif
LSP15359,\\standby.files.med.harvard.edu\hms\hits\lsp\collaborations\lsp-analysis\cycif-production\110-BRCA-Mutant-Ovarian-Precursors\STIC_Batch2_2023\Reprocess\LSP15359\registration\LSP15359.ome.tif,\\standby.files.med.harvard.edu\hms\hits\lsp\collaborations\lsp-analysis\cycif-production\110-BRCA-Mutant-Ovarian-Precursors\STIC_Batch2_2023\Reprocess\LSP15359\segmentation\unmicst-LSP15359\cellRing.ome.tif,\\standby.files.med.harvard.edu\hms\hits\lsp\collaborations\lsp-analysis\cycif-production\110-BRCA-Mutant-Ovarian-Precursors\STIC_Batch2_2023\Reprocess\LSP15359\quantification\LSP15359--unmicst_cellRing.csv,LSP15360,\\research.files.med.harvard.edu\HITS\lsp-data\cycif-production\110-BRCA-Mutant-Ovarian-Precursors\GeoMx-OME-TIFF\LSP15360_Scan1.ome.tiff,6410,9454,6385.0,\\research.files.med.harvard.edu\HITS\lsp-data\cycif-production\110-BRCA-Mutant-Ovarian-Precursors\HE\R1-S9.tif
LSP16136,\\research.files.med.harvard.edu\HITS\lsp-analysis\cycif-production\110-BRCA-Mutant-Ovarian-Precursors\STIC_Batch3_2023\LSP16136\registration\LSP16136.ome.tif,\\research.files.med.harvard.edu\HITS\lsp-analysis\cycif-production\110-BRCA-Mutant-Ovarian-Precursors\STIC_Batch3_2023\YC-Reprocess\LSP16136\segmentation\LSP16136\cellRing.ome.tif,\\research.files.med.harvard.edu\HITS\lsp-analysis\cycif-production\110-BRCA-Mutant-Ovarian-Precursors\STIC_Batch3_2023\YC-Reprocess\LSP16136\quantification\LSP16136_cellRing.csv,,geomx_not_found,6788,0,6623.0,\\research.files.med.harvard.edu\HITS\lsp-data\cycif-production\110-BRCA-Mutant-Ovarian-Precursors\HE\RD-23-007.tif
LSP16138,\\research.files.med.harvard.edu\HITS\lsp-analysis\cycif-production\110-BRCA-Mutant-Ovarian-Precursors\STIC_Batch3_2023\LSP16138\registration\LSP16138.ome.tif,\\research.files.med.harvard.edu\HITS\lsp-analysis\cycif-production\110-BRCA-Mutant-Ovarian-Precursors\STIC_Batch3_2023\YC-Reprocess\LSP16138\segmentation\LSP16138\cellRing.ome.tif,\\research.files.med.harvard.edu\HITS\lsp-analysis\cycif-production\110-BRCA-Mutant-Ovarian-Precursors\STIC_Batch3_2023\YC-Reprocess\LSP16138\quantification\LSP16138_cellRing.csv,LSP16139,\\research.files.med.harvard.edu\HITS\lsp-data\cycif-production\110-BRCA-Mutant-Ovarian-Precursors\GeoMx-OME-TIFF\LSP16139_Scan2.ome.tiff,6707,9464,6624.0,\\research.files.med.harvard.edu\HITS\lsp-data\cycif-production\110-BRCA-Mutant-Ovarian-Precursors\HE\RD-SS-001.tif
LSP16141,\\research.files.med.harvard.edu\HITS\lsp-analysis\cycif-production\110-BRCA-Mutant-Ovarian-Precursors\STIC_Batch3_2023\LSP16141\registration\LSP16141.ome.tif,\\research.files.med.harvard.edu\HITS\lsp-analysis\cycif-production\110-BRCA-Mutant-Ovarian-Precursors\STIC_Batch3_2023\YC-Reprocess\LSP16141\segmentation\LSP16141\cellRing.ome.tif,\\research.files.med.harvard.edu\HITS\lsp-analysis\cycif-production\110-BRCA-Mutant-Ovarian-Precursors\STIC_Batch3_2023\YC-Reprocess\LSP16141\quantification\LSP16141_cellRing.csv,LSP16142,\\research.files.med.harvard.edu\HITS\lsp-data\cycif-production\110-BRCA-Mutant-Ovarian-Precursors\GeoMx-OME-TIFF\LSP16142_Scan2.ome.tiff,6706,9457,6622.0,\\research.files.med.harvard.edu\HITS\lsp-data\cycif-production\110-BRCA-Mutant-Ovarian-Precursors\HE\RD-SS-002.tif
LSP16144,\\research.files.med.harvard.edu\HITS\lsp-analysis\cycif-production\110-BRCA-Mutant-Ovarian-Precursors\STIC_Batch3_2023\LSP16144\registration\LSP16144.ome.tif,\\research.files.med.harvard.edu\HITS\lsp-analysis\cycif-production\110-BRCA-Mutant-Ovarian-Precursors\STIC_Batch3_2023\YC-Reprocess\LSP16144\segmentation\LSP16144\cellRing.ome.tif,\\research.files.med.harvard.edu\HITS\lsp-analysis\cycif-production\110-BRCA-Mutant-Ovarian-Precursors\STIC_Batch3_2023\YC-Reprocess\LSP16144\quantification\LSP16144_cellRing.csv,LSP16145,\\research.files.med.harvard.edu\HITS\lsp-data\cycif-production\110-BRCA-Mutant-Ovarian-Precursors\GeoMx-OME-TIFF\LSP16145_Scan1.ome.tiff,6790,9484,6625.0,\\research.files.med.harvard.edu\HITS\lsp-data\cycif-production\110-BRCA-Mutant-Ovarian-Precursors\HE\RD-SS-003.tif
LSP16147,\\research.files.med.harvard.edu\HITS\lsp-analysis\cycif-production\110-BRCA-Mutant-Ovarian-Precursors\STIC_Batch3_2023\LSP16147\registration\LSP16147.ome.tif,\\research.files.med.harvard.edu\HITS\lsp-analysis\cycif-production\110-BRCA-Mutant-Ovarian-Precursors\STIC_Batch3_2023\YC-Reprocess\LSP16147\segmentation\LSP16147\cellRing.ome.tif,\\research.files.med.harvard.edu\HITS\lsp-analysis\cycif-production\110-BRCA-Mutant-Ovarian-Precursors\STIC_Batch3_2023\YC-Reprocess\LSP16147\quantification\LSP16147_cellRing.csv,LSP16148,\\research.files.med.harvard.edu\HITS\lsp-data\cycif-production\110-BRCA-Mutant-Ovarian-Precursors\GeoMx-OME-TIFF\LSP16148_Scan1.ome.tiff,6803,9473,6626.0,\\research.files.med.harvard.edu\HITS\lsp-data\cycif-production\110-BRCA-Mutant-Ovarian-Precursors\HE\RD-SS-004.tif
LSP16150,\\research.files.med.harvard.edu\HITS\lsp-analysis\cycif-production\110-BRCA-Mutant-Ovarian-Precursors\STIC_Batch3_2023\LSP16150\registration\LSP16150.ome.tif,\\research.files.med.harvard.edu\HITS\lsp-analysis\cycif-production\110-BRCA-Mutant-Ovarian-Precursors\STIC_Batch3_2023\YC-Reprocess\LSP16150\segmentation\LSP16150\cellRing.ome.tif,\\research.files.med.harvard.edu\HITS\lsp-analysis\cycif-production\110-BRCA-Mutant-Ovarian-Precursors\STIC_Batch3_2023\YC-Reprocess\LSP16150\quantification\LSP16150_cellRing.csv,LSP16151,\\research.files.med.harvard.edu\HITS\lsp-data\cycif-production\110-BRCA-Mutant-Ovarian-Precursors\GeoMx-OME-TIFF\LSP16151_Scan1.ome.tiff,6704,9450,6627.0,\\research.files.med.harvard.edu\HITS\lsp-data\cycif-production\110-BRCA-Mutant-Ovarian-Precursors\HE\RD-SS-005.tif
LSP16153,\\research.files.med.harvard.edu\HITS\lsp-analysis\cycif-production\110-BRCA-Mutant-Ovarian-Precursors\STIC_Batch3_2023\LSP16153\registration\LSP16153.ome.tif,\\research.files.med.harvard.edu\HITS\lsp-analysis\cycif-production\110-BRCA-Mutant-Ovarian-Precursors\STIC_Batch3_2023\YC-Reprocess\LSP16153\segmentation\LSP16153\cellRing.ome.tif,\\research.files.med.harvard.edu\HITS\lsp-analysis\cycif-production\110-BRCA-Mutant-Ovarian-Precursors\STIC_Batch3_2023\YC-Reprocess\LSP16153\quantification\LSP16153_cellRing.csv,LSP16154,\\research.files.med.harvard.edu\HITS\lsp-data\cycif-production\110-BRCA-Mutant-Ovarian-Precursors\GeoMx-OME-TIFF\LSP16154_Scan2.ome.tiff,6789,9475,6628.0,\\research.files.med.harvard.edu\HITS\lsp-data\cycif-production\110-BRCA-Mutant-Ovarian-Precursors\HE\RD-SS-006.tif
LSP16156,\\research.files.med.harvard.edu\HITS\lsp-analysis\cycif-production\110-BRCA-Mutant-Ovarian-Precursors\STIC_Batch3_2023\LSP16156\registration\LSP16156.ome.tif,\\research.files.med.harvard.edu\HITS\lsp-analysis\cycif-production\110-BRCA-Mutant-Ovarian-Precursors\STIC_Batch3_2023\YC-Reprocess\LSP16156\segmentation\LSP16156\cellRing.ome.tif,\\research.files.med.harvard.edu\HITS\lsp-analysis\cycif-production\110-BRCA-Mutant-Ovarian-Precursors\STIC_Batch3_2023\YC-Reprocess\LSP16156\quantification\LSP16156_cellRing.csv,LSP16157,\\research.files.med.harvard.edu\HITS\lsp-data\cycif-production\110-BRCA-Mutant-Ovarian-Precursors\GeoMx-OME-TIFF\LSP16157_Scan1.ome.tiff,6709,9468,6629.0,\\research.files.med.harvard.edu\HITS\lsp-data\cycif-production\110-BRCA-Mutant-Ovarian-Precursors\HE\RD-SS-007.tif
LSP16159,\\research.files.med.harvard.edu\HITS\lsp-analysis\cycif-production\110-BRCA-Mutant-Ovarian-Precursors\STIC_Batch3_2023\LSP16159\registration\LSP16159.ome.tif,\\research.files.med.harvard.edu\HITS\lsp-analysis\cycif-production\110-BRCA-Mutant-Ovarian-Precursors\STIC_Batch3_2023\YC-Reprocess\LSP16159\segmentation\LSP16159\cellRing.ome.tif,\\research.files.med.harvard.edu\HITS\lsp-analysis\cycif-production\110-BRCA-Mutant-Ovarian-Precursors\STIC_Batch3_2023\YC-Reprocess\LSP16159\quantification\LSP16159_cellRing.csv,LSP16160,\\research.files.med.harvard.edu\HITS\lsp-data\cycif-production\110-BRCA-Mutant-Ovarian-Precursors\GeoMx-OME-TIFF\LSP16160_Scan2.ome.tiff,6705,9477,6630.0,\\research.files.med.harvard.edu\HITS\lsp-data\cycif-production\110-BRCA-Mutant-Ovarian-Precursors\HE\RD-SS-008.tif
LSP16162,\\research.files.med.harvard.edu\HITS\lsp-analysis\cycif-production\110-BRCA-Mutant-Ovarian-Precursors\STIC_Batch3_2023\LSP16162\registration\LSP16162.ome.tif,\\research.files.med.harvard.edu\HITS\lsp-analysis\cycif-production\110-BRCA-Mutant-Ovarian-Precursors\STIC_Batch3_2023\YC-Reprocess\LSP16162\segmentation\LSP16162\cellRing.ome.tif,\\research.files.med.harvard.edu\HITS\lsp-analysis\cycif-production\110-BRCA-Mutant-Ovarian-Precursors\STIC_Batch3_2023\YC-Reprocess\LSP16162\quantification\LSP16162_cellRing.csv,LSP16163,\\research.files.med.harvard.edu\HITS\lsp-data\cycif-production\110-BRCA-Mutant-Ovarian-Precursors\GeoMx-OME-TIFF\LSP16163_Scan1.ome.tiff,6708,0,6631.0,\\research.files.med.harvard.edu\HITS\lsp-data\cycif-production\110-BRCA-Mutant-Ovarian-Precursors\HE\RD-SS-009.tif
LSP17722,\\research.files.med.harvard.edu\HITS\lsp-analysis\cycif-production\110-BRCA-Mutant-Ovarian-Precursors\STIC_Batch4_2023\STIC_InvCa\LSP17722\registration\LSP17722.ome.tif,\\research.files.med.harvard.edu\HITS\lsp-analysis\cycif-production\110-BRCA-Mutant-Ovarian-Precursors\STIC_Batch4_2023\YC-Reprocess\STIC_InvCa\LSP17722\segmentation\LSP17722\cellRing.ome.tif,\\research.files.med.harvard.edu\HITS\lsp-analysis\cycif-production\110-BRCA-Mutant-Ovarian-Precursors\STIC_Batch4_2023\YC-Reprocess\STIC_InvCa\LSP17722\quantification\LSP17722_cellRing.csv,LSP17723,\\research.files.med.harvard.edu\HITS\lsp-data\cycif-production\110-BRCA-Mutant-Ovarian-Precursors\GeoMx-OME-TIFF\LSP17723_Scan1.ome.tiff,8156,9458,7754.0,\\research.files.med.harvard.edu\HITS\lsp-data\cycif-production\110-BRCA-Mutant-Ovarian-Precursors\HE\Case 7 Level #5 OTB H&E.svs
LSP17726,\\research.files.med.harvard.edu\HITS\lsp-analysis\cycif-production\110-BRCA-Mutant-Ovarian-Precursors\STIC_Batch4_2023\STIC_InvCa\LSP17726\registration\LSP17726.ome.tif,\\research.files.med.harvard.edu\HITS\lsp-analysis\cycif-production\110-BRCA-Mutant-Ovarian-Precursors\STIC_Batch4_2023\YC-Reprocess\STIC_InvCa\LSP17726\segmentation\LSP17726\cellRing.ome.tif,\\research.files.med.harvard.edu\HITS\lsp-analysis\cycif-production\110-BRCA-Mutant-Ovarian-Precursors\STIC_Batch4_2023\YC-Reprocess\STIC_InvCa\LSP17726\quantification\LSP17726_cellRing.csv,LSP17727,\\research.files.med.harvard.edu\HITS\lsp-data\cycif-production\110-BRCA-Mutant-Ovarian-Precursors\GeoMx-OME-TIFF\LSP17727_Scan1.ome.tiff,8097,9460,7757.0,\\research.files.med.harvard.edu\HITS\lsp-data\cycif-production\110-BRCA-Mutant-Ovarian-Precursors\HE\RD-SS-10 Level 5 OTB H&E.svs
LSP17730,\\research.files.med.harvard.edu\HITS\lsp-analysis\cycif-production\110-BRCA-Mutant-Ovarian-Precursors\STIC_Batch4_2023\STIC_InvCa\LSP17730\registration\LSP17730.ome.tif,\\research.files.med.harvard.edu\HITS\lsp-analysis\cycif-production\110-BRCA-Mutant-Ovarian-Precursors\STIC_Batch4_2023\YC-Reprocess\STIC_InvCa\LSP17730\segmentation\LSP17730\cellRing.ome.tif,\\research.files.med.harvard.edu\HITS\lsp-analysis\cycif-production\110-BRCA-Mutant-Ovarian-Precursors\STIC_Batch4_2023\YC-Reprocess\STIC_InvCa\LSP17730\quantification\LSP17730_cellRing.csv,LSP17731,\\research.files.med.harvard.edu\HITS\lsp-data\cycif-production\110-BRCA-Mutant-Ovarian-Precursors\GeoMx-OME-TIFF\LSP17731_Scan1.ome.tiff,8157,9485,7875.0,\\research.files.med.harvard.edu\HITS\lsp-data\cycif-production\110-BRCA-Mutant-Ovarian-Precursors\HE\RD-SS-011 OTT H&E.svs
LSP17734,\\research.files.med.harvard.edu\HITS\lsp-analysis\cycif-production\110-BRCA-Mutant-Ovarian-Precursors\STIC_Batch6_2023\p110_incidental_p53signatures\LSP17734\registration\LSP17734.ome.tif,\\research.files.med.harvard.edu\HITS\lsp-analysis\cycif-production\110-BRCA-Mutant-Ovarian-Precursors\STIC_Batch6_2023\p110_incidental_p53signatures\LSP17734\segmentation\unmicst-LSP17734\cellRing.ome.tif,\\research.files.med.harvard.edu\HITS\lsp-analysis\cycif-production\110-BRCA-Mutant-Ovarian-Precursors\STIC_Batch6_2023\p110_incidental_p53signatures\LSP17734\quantification\LSP17734--unmicst_cellRing.csv,LSP19407,\\research.files.med.harvard.edu\HITS\lsp-data\cycif-production\110-BRCA-Mutant-Ovarian-Precursors\GeoMx-OME-TIFF\LSP19407_Scan1.ome.tiff,8851,9462,10877.0,\\research.files.med.harvard.edu\HITS\lsp-data\cycif-production\110-BRCA-Mutant-Ovarian-Precursors\HE\incidental-p53-signatures-HE\LSP17737\Image_02.vsi
LSP17758,\\research.files.med.harvard.edu\HITS\lsp-analysis\cycif-production\110-BRCA-Mutant-Ovarian-Precursors\STIC_Batch6_2023\p110_incidental_p53signatures\LSP17758\registration\LSP17758.ome.tif,\\research.files.med.harvard.edu\HITS\lsp-analysis\cycif-production\110-BRCA-Mutant-Ovarian-Precursors\STIC_Batch6_2023\p110_incidental_p53signatures\LSP17758\segmentation\unmicst-LSP17758\cellRing.ome.tif,\\research.files.med.harvard.edu\HITS\lsp-analysis\cycif-production\110-BRCA-Mutant-Ovarian-Precursors\STIC_Batch6_2023\p110_incidental_p53signatures\LSP17758\quantification\LSP17758--unmicst_cellRing.csv,,geomx_not_found,8852,0,10894.0,\\research.files.med.harvard.edu\HITS\lsp-data\cycif-production\110-BRCA-Mutant-Ovarian-Precursors\HE\incidental-p53-signatures-HE\LSP17761\Image_06.vsi
LSP17762,\\research.files.med.harvard.edu\HITS\lsp-analysis\cycif-production\110-BRCA-Mutant-Ovarian-Precursors\STIC_Batch4_2023\p53_signatures\LSP17762\registration\LSP17762.ome.tif,\\research.files.med.harvard.edu\HITS\lsp-analysis\cycif-production\110-BRCA-Mutant-Ovarian-Precursors\STIC_Batch4_2023\YC-Reprocess\p53_signatures\LSP17762\segmentation\LSP17762\cellRing.ome.tif,\\research.files.med.harvard.edu\HITS\lsp-analysis\cycif-production\110-BRCA-Mutant-Ovarian-Precursors\STIC_Batch4_2023\YC-Reprocess\p53_signatures\LSP17762\quantification\LSP17762_cellRing.csv,LSP17763,\\research.files.med.harvard.edu\HITS\lsp-data\cycif-production\110-BRCA-Mutant-Ovarian-Precursors\GeoMx-OME-TIFF\LSP17763_Scan1.ome.tiff,8154,9470,10910.0,\\research.files.med.harvard.edu\HITS\lsp-data\cycif-production\110-BRCA-Mutant-Ovarian-Precursors\HE\incidental-p53-signatures-HE\LSP17765\Image.vsi
LSP17766,\\research.files.med.harvard.edu\HITS\lsp-analysis\cycif-production\110-BRCA-Mutant-Ovarian-Precursors\STIC_Batch6_2023\p110_incidental_p53signatures\LSP17766\registration\LSP17766.ome.tif,\\research.files.med.harvard.edu\HITS\lsp-analysis\cycif-production\110-BRCA-Mutant-Ovarian-Precursors\STIC_Batch6_2023\p110_incidental_p53signatures\LSP17766\segmentation\unmicst-LSP17766\cellRing.ome.tif,\\research.files.med.harvard.edu\HITS\lsp-analysis\cycif-production\110-BRCA-Mutant-Ovarian-Precursors\STIC_Batch6_2023\p110_incidental_p53signatures\LSP17766\quantification\LSP17766--unmicst_cellRing.csv,LSP19409,\\research.files.med.harvard.edu\HITS\lsp-data\cycif-production\110-BRCA-Mutant-Ovarian-Precursors\GeoMx-OME-TIFF\LSP19409_Scan1.ome.tiff,8853,9480,10898.0,\\research.files.med.harvard.edu\HITS\lsp-data\cycif-production\110-BRCA-Mutant-Ovarian-Precursors\HE\incidental-p53-signatures-HE\LSP17769\Image_07.vsi
LSP17786,\\research.files.med.harvard.edu\HITS\lsp-analysis\cycif-production\110-BRCA-Mutant-Ovarian-Precursors\STIC_Batch6_2023\p110_incidental_p53signatures\LSP17786\registration\LSP17786.ome.tif,\\research.files.med.harvard.edu\HITS\lsp-analysis\cycif-production\110-BRCA-Mutant-Ovarian-Precursors\STIC_Batch6_2023\p110_incidental_p53signatures\LSP17786\segmentation\unmicst-LSP17786\cellRing.ome.tif,\\research.files.med.harvard.edu\HITS\lsp-analysis\cycif-production\110-BRCA-Mutant-Ovarian-Precursors\STIC_Batch6_2023\p110_incidental_p53signatures\LSP17786\quantification\LSP17786--unmicst_cellRing.csv,LSP19411,\\research.files.med.harvard.edu\HITS\lsp-data\cycif-production\110-BRCA-Mutant-Ovarian-Precursors\GeoMx-OME-TIFF\LSP19411_Scan1.ome.tiff,8855,9472,10881.0,\\research.files.med.harvard.edu\HITS\lsp-data\cycif-production\110-BRCA-Mutant-Ovarian-Precursors\HE\incidental-p53-signatures-HE\LSP17789\Image_03.vsi
LSP17790,\\research.files.med.harvard.edu\HITS\lsp-analysis\cycif-production\110-BRCA-Mutant-Ovarian-Precursors\STIC_Batch6_2023\p110_incidental_p53signatures\LSP17790\registration\LSP17790.ome.tif,\\research.files.med.harvard.edu\HITS\lsp-analysis\cycif-production\110-BRCA-Mutant-Ovarian-Precursors\STIC_Batch6_2023\p110_incidental_p53signatures\LSP17790\segmentation\unmicst-LSP17790\cellRing.ome.tif,\\research.files.med.harvard.edu\HITS\lsp-analysis\cycif-production\110-BRCA-Mutant-Ovarian-Precursors\STIC_Batch6_2023\p110_incidental_p53signatures\LSP17790\quantification\LSP17790--unmicst_cellRing.csv,,geomx_not_found,8854,0,10902.0,\\research.files.med.harvard.edu\HITS\lsp-data\cycif-production\110-BRCA-Mutant-Ovarian-Precursors\HE\incidental-p53-signatures-HE\LSP17793\Image_08.vsi
LSP17802,\\research.files.med.harvard.edu\HITS\lsp-analysis\cycif-production\110-BRCA-Mutant-Ovarian-Precursors\STIC_Batch4_2023\p53_signatures\LSP17802\registration\LSP17802.ome.tif,\\research.files.med.harvard.edu\HITS\lsp-analysis\cycif-production\110-BRCA-Mutant-Ovarian-Precursors\STIC_Batch4_2023\YC-Reprocess\p53_signatures\LSP17802\segmentation\LSP17802\cellRing.ome.tif,\\research.files.med.harvard.edu\HITS\lsp-analysis\cycif-production\110-BRCA-Mutant-Ovarian-Precursors\STIC_Batch4_2023\YC-Reprocess\p53_signatures\LSP17802\quantification\LSP17802_cellRing.csv,LSP17803,\\research.files.med.harvard.edu\HITS\lsp-data\cycif-production\110-BRCA-Mutant-Ovarian-Precursors\GeoMx-OME-TIFF\LSP17803_Scan1.ome.tiff,8153,9465,10873.0,\\research.files.med.harvard.edu\HITS\lsp-data\cycif-production\110-BRCA-Mutant-Ovarian-Precursors\HE\incidental-p53-signatures-HE\LSP17805\Image_01.vsi
LSP17818,\\research.files.med.harvard.edu\HITS\lsp-analysis\cycif-production\110-BRCA-Mutant-Ovarian-Precursors\STIC_Batch4_2023\p53_signatures\LSP17818\registration\LSP17818.ome.tif,\\research.files.med.harvard.edu\HITS\lsp-analysis\cycif-production\110-BRCA-Mutant-Ovarian-Precursors\STIC_Batch4_2023\YC-Reprocess\p53_signatures\LSP17818\segmentation\LSP17818\cellRing.ome.tif,\\research.files.med.harvard.edu\HITS\lsp-analysis\cycif-production\110-BRCA-Mutant-Ovarian-Precursors\STIC_Batch4_2023\YC-Reprocess\p53_signatures\LSP17818\quantification\LSP17818_cellRing.csv,LSP17819,\\research.files.med.harvard.edu\HITS\lsp-data\cycif-production\110-BRCA-Mutant-Ovarian-Precursors\GeoMx-OME-TIFF\LSP17819_Scan1.ome.tiff,8094,9459,10906.0,\\research.files.med.harvard.edu\HITS\lsp-data\cycif-production\110-BRCA-Mutant-Ovarian-Precursors\HE\incidental-p53-signatures-HE\LSP17821\Image_09.vsi
LSP17822,\\research.files.med.harvard.edu\HITS\lsp-analysis\cycif-production\110-BRCA-Mutant-Ovarian-Precursors\STIC_Batch4_2023\p53_signatures\LSP17822\registration\LSP17822.ome.tif,\\research.files.med.harvard.edu\HITS\lsp-analysis\cycif-production\110-BRCA-Mutant-Ovarian-Precursors\STIC_Batch4_2023\YC-Reprocess\p53_signatures\LSP17822\segmentation\LSP17822\cellRing.ome.tif,\\research.files.med.harvard.edu\HITS\lsp-analysis\cycif-production\110-BRCA-Mutant-Ovarian-Precursors\STIC_Batch4_2023\YC-Reprocess\p53_signatures\LSP17822\quantification\LSP17822_cellRing.csv,LSP17823,\\research.files.med.harvard.edu\HITS\lsp-data\cycif-production\110-BRCA-Mutant-Ovarian-Precursors\GeoMx-OME-TIFF\LSP17823_Scan1.ome.tiff,8095,9466,10885.0,\\research.files.med.harvard.edu\HITS\lsp-data\cycif-production\110-BRCA-Mutant-Ovarian-Precursors\HE\incidental-p53-signatures-HE\LSP17825\Image_04.vsi
LSP17850,\\research.files.med.harvard.edu\HITS\lsp-analysis\cycif-production\110-BRCA-Mutant-Ovarian-Precursors\STIC_Batch4_2023\p53_signatures\LSP17850\registration\LSP17850.ome.tif,\\research.files.med.harvard.edu\HITS\lsp-analysis\cycif-production\110-BRCA-Mutant-Ovarian-Precursors\STIC_Batch4_2023\YC-Reprocess\p53_signatures\LSP17850\segmentation\LSP17850\cellRing.ome.tif,\\research.files.med.harvard.edu\HITS\lsp-analysis\cycif-production\110-BRCA-Mutant-Ovarian-Precursors\STIC_Batch4_2023\YC-Reprocess\p53_signatures\LSP17850\quantification\LSP17850_cellRing.csv,LSP17851,\\research.files.med.harvard.edu\HITS\lsp-data\cycif-production\110-BRCA-Mutant-Ovarian-Precursors\GeoMx-OME-TIFF\LSP17851_Scan1.ome.tiff,8093,9469,10890.0,\\research.files.med.harvard.edu\HITS\lsp-data\cycif-production\110-BRCA-Mutant-Ovarian-Precursors\HE\incidental-p53-signatures-HE\LSP17853\Image_05.vsi
LSP18301,\\research.files.med.harvard.edu\HITS\lsp-analysis\cycif-production\110-BRCA-Mutant-Ovarian-Precursors\STIC_Batch5_2023\STIC_incidental\LSP18301\registration\LSP18301.ome.tif,\\research.files.med.harvard.edu\HITS\lsp-analysis\cycif-production\110-BRCA-Mutant-Ovarian-Precursors\STIC_Batch5_2023\STIC_incidental\LSP18301\segmentation\unmicst-LSP18301\cellRing.ome.tif,\\research.files.med.harvard.edu\HITS\lsp-analysis\cycif-production\110-BRCA-Mutant-Ovarian-Precursors\STIC_Batch5_2023\STIC_incidental\LSP18301\quantification\LSP18301--unmicst_cellRing.csv,LSP18302,\\research.files.med.harvard.edu\HITS\lsp-data\cycif-production\110-BRCA-Mutant-Ovarian-Precursors\GeoMx-OME-TIFF\LSP18302_scan1.ome.tiff,8404,9479,8511.0,\\research.files.med.harvard.edu\HITS\lsp-data\cycif-production\110-BRCA-Mutant-Ovarian-Precursors\HE\CD0302.02(863).svs
LSP18305,\\research.files.med.harvard.edu\HITS\lsp-analysis\cycif-production\110-BRCA-Mutant-Ovarian-Precursors\STIC_Batch5_2023\STIC_incidental\LSP18305\registration\LSP18305.ome.tif,\\research.files.med.harvard.edu\HITS\lsp-analysis\cycif-production\110-BRCA-Mutant-Ovarian-Precursors\STIC_Batch5_2023\STIC_incidental\LSP18305\segmentation\unmicst-LSP18305\cellRing.ome.tif,\\research.files.med.harvard.edu\HITS\lsp-analysis\cycif-production\110-BRCA-Mutant-Ovarian-Precursors\STIC_Batch5_2023\STIC_incidental\LSP18305\quantification\LSP18305--unmicst_cellRing.csv,LSP18306,\\research.files.med.harvard.edu\HITS\lsp-data\cycif-production\110-BRCA-Mutant-Ovarian-Precursors\GeoMx-OME-TIFF\LSP18306_scan1.ome.tiff,8402,9478,8517.0,\\research.files.med.harvard.edu\HITS\lsp-data\cycif-production\110-BRCA-Mutant-Ovarian-Precursors\HE\CD0302.04(939).svs
LSP18309,\\research.files.med.harvard.edu\HITS\lsp-analysis\cycif-production\110-BRCA-Mutant-Ovarian-Precursors\STIC_Batch5_2023\STIC_incidental\LSP18309\registration\LSP18309.ome.tif,\\research.files.med.harvard.edu\HITS\lsp-analysis\cycif-production\110-BRCA-Mutant-Ovarian-Precursors\STIC_Batch5_2023\STIC_incidental\LSP18309\segmentation\unmicst-LSP18309\cellRing.ome.tif,\\research.files.med.harvard.edu\HITS\lsp-analysis\cycif-production\110-BRCA-Mutant-Ovarian-Precursors\STIC_Batch5_2023\STIC_incidental\LSP18309\quantification\LSP18309--unmicst_cellRing.csv,LSP18310,\\research.files.med.harvard.edu\HITS\lsp-data\cycif-production\110-BRCA-Mutant-Ovarian-Precursors\GeoMx-OME-TIFF\LSP18310_scan1.ome.tiff,8400,9482,8508.0,\\research.files.med.harvard.edu\HITS\lsp-data\cycif-production\110-BRCA-Mutant-Ovarian-Precursors\HE\CD0302.01(009).svs
LSP18313,\\research.files.med.harvard.edu\HITS\lsp-analysis\cycif-production\110-BRCA-Mutant-Ovarian-Precursors\STIC_Batch5_2023\STIC_incidental\LSP18313\registration\LSP18313.ome.tif,\\research.files.med.harvard.edu\HITS\lsp-analysis\cycif-production\110-BRCA-Mutant-Ovarian-Precursors\STIC_Batch5_2023\STIC_incidental\LSP18313\segmentation\unmicst-LSP18313\cellRing.ome.tif,\\research.files.med.harvard.edu\HITS\lsp-analysis\cycif-production\110-BRCA-Mutant-Ovarian-Precursors\STIC_Batch5_2023\STIC_incidental\LSP18313\quantification\LSP18313--unmicst_cellRing.csv,LSP18314,\\research.files.med.harvard.edu\HITS\lsp-data\cycif-production\110-BRCA-Mutant-Ovarian-Precursors\GeoMx-OME-TIFF\LSP18314_scan1.ome.tiff,8403,9481,8514.0,\\research.files.med.harvard.edu\HITS\lsp-data\cycif-production\110-BRCA-Mutant-Ovarian-Precursors\HE\CD0302.03(706).svs
LSP18317,\\research.files.med.harvard.edu\HITS\lsp-analysis\cycif-production\110-BRCA-Mutant-Ovarian-Precursors\STIC_Batch5_2023\STIC_incidental\LSP18317\registration\LSP18317.ome.tif,\\research.files.med.harvard.edu\HITS\lsp-analysis\cycif-production\110-BRCA-Mutant-Ovarian-Precursors\STIC_Batch5_2023\STIC_incidental\LSP18317\segmentation\unmicst-LSP18317\cellRing.ome.tif,\\research.files.med.harvard.edu\HITS\lsp-analysis\cycif-production\110-BRCA-Mutant-Ovarian-Precursors\STIC_Batch5_2023\STIC_incidental\LSP18317\quantification\LSP18317--unmicst_cellRing.csv,LSP18318,\\research.files.med.harvard.edu\HITS\lsp-data\cycif-production\110-BRCA-Mutant-Ovarian-Precursors\GeoMx-OME-TIFF\LSP18318_scan1.ome.tiff,8401,9476,8520.0,\\research.files.med.harvard.edu\HITS\lsp-data\cycif-production\110-BRCA-Mutant-Ovarian-Precursors\HE\CD0302.05(964).svs
LSP19412,\\research.files.med.harvard.edu\HITS\lsp-analysis\cycif-production\110-BRCA-Mutant-Ovarian-Precursors\STIC_Batch6_2023\p110_STIC\LSP19412\registration\LSP19412.ome.tif,\\research.files.med.harvard.edu\HITS\lsp-analysis\cycif-production\110-BRCA-Mutant-Ovarian-Precursors\STIC_Batch6_2023\p110_STIC\LSP19412\segmentation\unmicst-LSP19412\cellRing.ome.tif,\\research.files.med.harvard.edu\HITS\lsp-analysis\cycif-production\110-BRCA-Mutant-Ovarian-Precursors\STIC_Batch6_2023\p110_STIC\LSP19412\quantification\LSP19412--unmicst_cellRing.csv,LSP19413,\\research.files.med.harvard.edu\HITS\lsp-data\cycif-production\110-BRCA-Mutant-Ovarian-Precursors\GeoMx-OME-TIFF\LSP19413_Scan1.ome.tiff,8849,9471,8761.0,\\research.files.med.harvard.edu\HITS\lsp-data\cycif-production\110-BRCA-Mutant-Ovarian-Precursors\HE\CD0302.06 (2952).svs
LSP19416,\\research.files.med.harvard.edu\HITS\lsp-analysis\cycif-production\110-BRCA-Mutant-Ovarian-Precursors\STIC_Batch6_2023\p110_STIC\LSP19416\registration\LSP19416.ome.tif,\\research.files.med.harvard.edu\HITS\lsp-analysis\cycif-production\110-BRCA-Mutant-Ovarian-Precursors\STIC_Batch6_2023\p110_STIC\LSP19416\segmentation\unmicst-LSP19416\cellRing.ome.tif,\\research.files.med.harvard.edu\HITS\lsp-analysis\cycif-production\110-BRCA-Mutant-Ovarian-Precursors\STIC_Batch6_2023\p110_STIC\LSP19416\quantification\LSP19416--unmicst_cellRing.csv,LSP19417,\\research.files.med.harvard.edu\HITS\lsp-data\cycif-production\110-BRCA-Mutant-Ovarian-Precursors\GeoMx-OME-TIFF\LSP19417_Scan1.ome.tiff,8848,9474,8764.0,\\research.files.med.harvard.edu\HITS\lsp-data\cycif-production\110-BRCA-Mutant-Ovarian-Precursors\HE\CD0302.07 (6641).svs
LSP19420,\\research.files.med.harvard.edu\HITS\lsp-analysis\cycif-production\110-BRCA-Mutant-Ovarian-Precursors\STIC_Batch6_2023\p110_STIC\LSP19420\registration\LSP19420.ome.tif,\\research.files.med.harvard.edu\HITS\lsp-analysis\cycif-production\110-BRCA-Mutant-Ovarian-Precursors\STIC_Batch6_2023\p110_STIC\LSP19420\segmentation\unmicst-LSP19420\cellRing.ome.tif,\\research.files.med.harvard.edu\HITS\lsp-analysis\cycif-production\110-BRCA-Mutant-Ovarian-Precursors\STIC_Batch6_2023\p110_STIC\LSP19420\quantification\LSP19420--unmicst_cellRing.csv,LSP19421,\\research.files.med.harvard.edu\HITS\lsp-data\cycif-production\110-BRCA-Mutant-Ovarian-Precursors\GeoMx-OME-TIFF\LSP19421_Scan1.ome.tiff,8850,9483,8767.0,\\research.files.med.harvard.edu\HITS\lsp-data\cycif-production\110-BRCA-Mutant-Ovarian-Precursors\HE\CD0302.08 (7923).svs
